name,image,type1,type2,dex
bulbasaur,../datasets/raw/renders_2d/images/1.png,grass,poison,1
ivysaur,../datasets/raw/renders_2d/images/2.png,grass,poison,2
venusaur,../datasets/raw/renders_2d/images/3.png,grass,poison,3
charmander,../datasets/raw/renders_2d/images/4.png,fire,,4
charmeleon,../datasets/raw/renders_2d/images/5.png,fire,,5
charizard,../datasets/raw/renders_2d/images/6.png,fire,flying,6
squirtle,../datasets/raw/renders_2d/images/7.png,water,,7
wartortle,../datasets/raw/renders_2d/images/8.png,water,,8
blastoise,../datasets/raw/renders_2d/images/9.png,water,,9
caterpie,../datasets/raw/renders_2d/images/10.png,bug,,10
metapod,../datasets/raw/renders_2d/images/11.png,bug,,11
butterfree,../datasets/raw/renders_2d/images/12.png,bug,flying,12
weedle,../datasets/raw/renders_2d/images/13.png,bug,poison,13
kakuna,../datasets/raw/renders_2d/images/14.png,bug,poison,14
beedrill,../datasets/raw/renders_2d/images/15.png,bug,poison,15
pidgey,../datasets/raw/renders_2d/images/16.png,normal,flying,16
pidgeotto,../datasets/raw/renders_2d/images/17.png,normal,flying,17
pidgeot,../datasets/raw/renders_2d/images/18.png,normal,flying,18
rattata,../datasets/raw/renders_2d/images/19.png,normal,,19
raticate,../datasets/raw/renders_2d/images/20.png,normal,,20
spearow,../datasets/raw/renders_2d/images/21.png,normal,flying,21
fearow,../datasets/raw/renders_2d/images/22.png,normal,flying,22
ekans,../datasets/raw/renders_2d/images/23.png,poison,,23
arbok,../datasets/raw/renders_2d/images/24.png,poison,,24
pikachu,../datasets/raw/renders_2d/images/25.png,electric,,25
raichu,../datasets/raw/renders_2d/images/26.png,electric,,26
sandshrew,../datasets/raw/renders_2d/images/27.png,ground,,27
sandslash,../datasets/raw/renders_2d/images/28.png,ground,,28
nidoran-f,../datasets/raw/renders_2d/images/29.png,poison,,29
nidorina,../datasets/raw/renders_2d/images/30.png,poison,,30
nidoqueen,../datasets/raw/renders_2d/images/31.png,poison,ground,31
nidoran-m,../datasets/raw/renders_2d/images/32.png,poison,,32
nidorino,../datasets/raw/renders_2d/images/33.png,poison,,33
nidoking,../datasets/raw/renders_2d/images/34.png,poison,ground,34
clefairy,../datasets/raw/renders_2d/images/35.png,fairy,,35
clefable,../datasets/raw/renders_2d/images/36.png,fairy,,36
vulpix,../datasets/raw/renders_2d/images/37.png,fire,,37
ninetales,../datasets/raw/renders_2d/images/38.png,fire,,38
jigglypuff,../datasets/raw/renders_2d/images/39.png,normal,fairy,39
wigglytuff,../datasets/raw/renders_2d/images/40.png,normal,fairy,40
zubat,../datasets/raw/renders_2d/images/41.png,poison,flying,41
golbat,../datasets/raw/renders_2d/images/42.png,poison,flying,42
oddish,../datasets/raw/renders_2d/images/43.png,grass,poison,43
gloom,../datasets/raw/renders_2d/images/44.png,grass,poison,44
vileplume,../datasets/raw/renders_2d/images/45.png,grass,poison,45
paras,../datasets/raw/renders_2d/images/46.png,bug,grass,46
parasect,../datasets/raw/renders_2d/images/47.png,bug,grass,47
venonat,../datasets/raw/renders_2d/images/48.png,bug,poison,48
venomoth,../datasets/raw/renders_2d/images/49.png,bug,poison,49
diglett,../datasets/raw/renders_2d/images/50.png,ground,,50
dugtrio,../datasets/raw/renders_2d/images/51.png,ground,,51
meowth,../datasets/raw/renders_2d/images/52.png,normal,,52
persian,../datasets/raw/renders_2d/images/53.png,normal,,53
psyduck,../datasets/raw/renders_2d/images/54.png,water,,54
golduck,../datasets/raw/renders_2d/images/55.png,water,,55
mankey,../datasets/raw/renders_2d/images/56.png,fighting,,56
primeape,../datasets/raw/renders_2d/images/57.png,fighting,,57
growlithe,../datasets/raw/renders_2d/images/58.png,fire,,58
arcanine,../datasets/raw/renders_2d/images/59.png,fire,,59
poliwag,../datasets/raw/renders_2d/images/60.png,water,,60
poliwhirl,../datasets/raw/renders_2d/images/61.png,water,,61
poliwrath,../datasets/raw/renders_2d/images/62.png,water,fighting,62
abra,../datasets/raw/renders_2d/images/63.png,psychic,,63
kadabra,../datasets/raw/renders_2d/images/64.png,psychic,,64
alakazam,../datasets/raw/renders_2d/images/65.png,psychic,,65
machop,../datasets/raw/renders_2d/images/66.png,fighting,,66
machoke,../datasets/raw/renders_2d/images/67.png,fighting,,67
machamp,../datasets/raw/renders_2d/images/68.png,fighting,,68
bellsprout,../datasets/raw/renders_2d/images/69.png,grass,poison,69
weepinbell,../datasets/raw/renders_2d/images/70.png,grass,poison,70
victreebel,../datasets/raw/renders_2d/images/71.png,grass,poison,71
tentacool,../datasets/raw/renders_2d/images/72.png,water,poison,72
tentacruel,../datasets/raw/renders_2d/images/73.png,water,poison,73
geodude,../datasets/raw/renders_2d/images/74.png,rock,ground,74
graveler,../datasets/raw/renders_2d/images/75.png,rock,ground,75
golem,../datasets/raw/renders_2d/images/76.png,rock,ground,76
ponyta,../datasets/raw/renders_2d/images/77.png,fire,,77
rapidash,../datasets/raw/renders_2d/images/78.png,fire,,78
slowpoke,../datasets/raw/renders_2d/images/79.png,water,psychic,79
slowbro,../datasets/raw/renders_2d/images/80.png,water,psychic,80
magnemite,../datasets/raw/renders_2d/images/81.png,electric,steel,81
magneton,../datasets/raw/renders_2d/images/82.png,electric,steel,82
farfetchd,../datasets/raw/renders_2d/images/83.png,normal,flying,83
doduo,../datasets/raw/renders_2d/images/84.png,normal,flying,84
dodrio,../datasets/raw/renders_2d/images/85.png,normal,flying,85
seel,../datasets/raw/renders_2d/images/86.png,water,,86
dewgong,../datasets/raw/renders_2d/images/87.png,water,ice,87
grimer,../datasets/raw/renders_2d/images/88.png,poison,,88
muk,../datasets/raw/renders_2d/images/89.png,poison,,89
shellder,../datasets/raw/renders_2d/images/90.png,water,,90
cloyster,../datasets/raw/renders_2d/images/91.png,water,ice,91
gastly,../datasets/raw/renders_2d/images/92.png,ghost,poison,92
haunter,../datasets/raw/renders_2d/images/93.png,ghost,poison,93
gengar,../datasets/raw/renders_2d/images/94.png,ghost,poison,94
onix,../datasets/raw/renders_2d/images/95.png,rock,ground,95
drowzee,../datasets/raw/renders_2d/images/96.png,psychic,,96
hypno,../datasets/raw/renders_2d/images/97.png,psychic,,97
krabby,../datasets/raw/renders_2d/images/98.png,water,,98
kingler,../datasets/raw/renders_2d/images/99.png,water,,99
voltorb,../datasets/raw/renders_2d/images/100.png,electric,,100
electrode,../datasets/raw/renders_2d/images/101.png,electric,,101
exeggcute,../datasets/raw/renders_2d/images/102.png,grass,psychic,102
exeggutor,../datasets/raw/renders_2d/images/103.png,grass,psychic,103
cubone,../datasets/raw/renders_2d/images/104.png,ground,,104
marowak,../datasets/raw/renders_2d/images/105.png,ground,,105
hitmonlee,../datasets/raw/renders_2d/images/106.png,fighting,,106
hitmonchan,../datasets/raw/renders_2d/images/107.png,fighting,,107
lickitung,../datasets/raw/renders_2d/images/108.png,normal,,108
koffing,../datasets/raw/renders_2d/images/109.png,poison,,109
weezing,../datasets/raw/renders_2d/images/110.png,poison,,110
rhyhorn,../datasets/raw/renders_2d/images/111.png,ground,rock,111
rhydon,../datasets/raw/renders_2d/images/112.png,ground,rock,112
chansey,../datasets/raw/renders_2d/images/113.png,normal,,113
tangela,../datasets/raw/renders_2d/images/114.png,grass,,114
kangaskhan,../datasets/raw/renders_2d/images/115.png,normal,,115
horsea,../datasets/raw/renders_2d/images/116.png,water,,116
seadra,../datasets/raw/renders_2d/images/117.png,water,,117
goldeen,../datasets/raw/renders_2d/images/118.png,water,,118
seaking,../datasets/raw/renders_2d/images/119.png,water,,119
staryu,../datasets/raw/renders_2d/images/120.png,water,,120
starmie,../datasets/raw/renders_2d/images/121.png,water,psychic,121
mr-mime,../datasets/raw/renders_2d/images/122.png,psychic,fairy,122
scyther,../datasets/raw/renders_2d/images/123.png,bug,flying,123
jynx,../datasets/raw/renders_2d/images/124.png,ice,psychic,124
electabuzz,../datasets/raw/renders_2d/images/125.png,electric,,125
magmar,../datasets/raw/renders_2d/images/126.png,fire,,126
pinsir,../datasets/raw/renders_2d/images/127.png,bug,,127
tauros,../datasets/raw/renders_2d/images/128.png,normal,,128
magikarp,../datasets/raw/renders_2d/images/129.png,water,,129
gyarados,../datasets/raw/renders_2d/images/130.png,water,flying,130
lapras,../datasets/raw/renders_2d/images/131.png,water,ice,131
ditto,../datasets/raw/renders_2d/images/132.png,normal,,132
eevee,../datasets/raw/renders_2d/images/133.png,normal,,133
vaporeon,../datasets/raw/renders_2d/images/134.png,water,,134
jolteon,../datasets/raw/renders_2d/images/135.png,electric,,135
flareon,../datasets/raw/renders_2d/images/136.png,fire,,136
porygon,../datasets/raw/renders_2d/images/137.png,normal,,137
omanyte,../datasets/raw/renders_2d/images/138.png,rock,water,138
omastar,../datasets/raw/renders_2d/images/139.png,rock,water,139
kabuto,../datasets/raw/renders_2d/images/140.png,rock,water,140
kabutops,../datasets/raw/renders_2d/images/141.png,rock,water,141
aerodactyl,../datasets/raw/renders_2d/images/142.png,rock,flying,142
snorlax,../datasets/raw/renders_2d/images/143.png,normal,,143
articuno,../datasets/raw/renders_2d/images/144.png,ice,flying,144
zapdos,../datasets/raw/renders_2d/images/145.png,electric,flying,145
moltres,../datasets/raw/renders_2d/images/146.png,fire,flying,146
dratini,../datasets/raw/renders_2d/images/147.png,dragon,,147
dragonair,../datasets/raw/renders_2d/images/148.png,dragon,,148
dragonite,../datasets/raw/renders_2d/images/149.png,dragon,flying,149
mewtwo,../datasets/raw/renders_2d/images/150.png,psychic,,150
mew,../datasets/raw/renders_2d/images/151.png,psychic,,151
chikorita,../datasets/raw/renders_2d/images/152.png,grass,,152
bayleef,../datasets/raw/renders_2d/images/153.png,grass,,153
meganium,../datasets/raw/renders_2d/images/154.png,grass,,154
cyndaquil,../datasets/raw/renders_2d/images/155.png,fire,,155
quilava,../datasets/raw/renders_2d/images/156.png,fire,,156
typhlosion,../datasets/raw/renders_2d/images/157.png,fire,,157
totodile,../datasets/raw/renders_2d/images/158.png,water,,158
croconaw,../datasets/raw/renders_2d/images/159.png,water,,159
feraligatr,../datasets/raw/renders_2d/images/160.png,water,,160
sentret,../datasets/raw/renders_2d/images/161.png,normal,,161
furret,../datasets/raw/renders_2d/images/162.png,normal,,162
hoothoot,../datasets/raw/renders_2d/images/163.png,normal,flying,163
noctowl,../datasets/raw/renders_2d/images/164.png,normal,flying,164
ledyba,../datasets/raw/renders_2d/images/165.png,bug,flying,165
ledian,../datasets/raw/renders_2d/images/166.png,bug,flying,166
spinarak,../datasets/raw/renders_2d/images/167.png,bug,poison,167
ariados,../datasets/raw/renders_2d/images/168.png,bug,poison,168
crobat,../datasets/raw/renders_2d/images/169.png,poison,flying,169
chinchou,../datasets/raw/renders_2d/images/170.png,water,electric,170
lanturn,../datasets/raw/renders_2d/images/171.png,water,electric,171
pichu,../datasets/raw/renders_2d/images/172.png,electric,,172
cleffa,../datasets/raw/renders_2d/images/173.png,fairy,,173
igglybuff,../datasets/raw/renders_2d/images/174.png,normal,fairy,174
togepi,../datasets/raw/renders_2d/images/175.png,fairy,,175
togetic,../datasets/raw/renders_2d/images/176.png,fairy,flying,176
natu,../datasets/raw/renders_2d/images/177.png,psychic,flying,177
xatu,../datasets/raw/renders_2d/images/178.png,psychic,flying,178
mareep,../datasets/raw/renders_2d/images/179.png,electric,,179
flaaffy,../datasets/raw/renders_2d/images/180.png,electric,,180
ampharos,../datasets/raw/renders_2d/images/181.png,electric,,181
bellossom,../datasets/raw/renders_2d/images/182.png,grass,,182
marill,../datasets/raw/renders_2d/images/183.png,water,fairy,183
azumarill,../datasets/raw/renders_2d/images/184.png,water,fairy,184
sudowoodo,../datasets/raw/renders_2d/images/185.png,rock,,185
politoed,../datasets/raw/renders_2d/images/186.png,water,,186
hoppip,../datasets/raw/renders_2d/images/187.png,grass,flying,187
skiploom,../datasets/raw/renders_2d/images/188.png,grass,flying,188
jumpluff,../datasets/raw/renders_2d/images/189.png,grass,flying,189
aipom,../datasets/raw/renders_2d/images/190.png,normal,,190
sunkern,../datasets/raw/renders_2d/images/191.png,grass,,191
sunflora,../datasets/raw/renders_2d/images/192.png,grass,,192
yanma,../datasets/raw/renders_2d/images/193.png,bug,flying,193
wooper,../datasets/raw/renders_2d/images/194.png,water,ground,194
quagsire,../datasets/raw/renders_2d/images/195.png,water,ground,195
espeon,../datasets/raw/renders_2d/images/196.png,psychic,,196
umbreon,../datasets/raw/renders_2d/images/197.png,dark,,197
murkrow,../datasets/raw/renders_2d/images/198.png,dark,flying,198
slowking,../datasets/raw/renders_2d/images/199.png,water,psychic,199
misdreavus,../datasets/raw/renders_2d/images/200.png,ghost,,200
unown,../datasets/raw/renders_2d/images/201.png,psychic,,201
wobbuffet,../datasets/raw/renders_2d/images/202.png,psychic,,202
girafarig,../datasets/raw/renders_2d/images/203.png,normal,psychic,203
pineco,../datasets/raw/renders_2d/images/204.png,bug,,204
forretress,../datasets/raw/renders_2d/images/205.png,bug,steel,205
dunsparce,../datasets/raw/renders_2d/images/206.png,normal,,206
gligar,../datasets/raw/renders_2d/images/207.png,ground,flying,207
steelix,../datasets/raw/renders_2d/images/208.png,steel,ground,208
snubbull,../datasets/raw/renders_2d/images/209.png,fairy,,209
granbull,../datasets/raw/renders_2d/images/210.png,fairy,,210
qwilfish,../datasets/raw/renders_2d/images/211.png,water,poison,211
scizor,../datasets/raw/renders_2d/images/212.png,bug,steel,212
shuckle,../datasets/raw/renders_2d/images/213.png,bug,rock,213
heracross,../datasets/raw/renders_2d/images/214.png,bug,fighting,214
sneasel,../datasets/raw/renders_2d/images/215.png,dark,ice,215
teddiursa,../datasets/raw/renders_2d/images/216.png,normal,,216
ursaring,../datasets/raw/renders_2d/images/217.png,normal,,217
slugma,../datasets/raw/renders_2d/images/218.png,fire,,218
magcargo,../datasets/raw/renders_2d/images/219.png,fire,rock,219
swinub,../datasets/raw/renders_2d/images/220.png,ice,ground,220
piloswine,../datasets/raw/renders_2d/images/221.png,ice,ground,221
corsola,../datasets/raw/renders_2d/images/222.png,water,rock,222
remoraid,../datasets/raw/renders_2d/images/223.png,water,,223
octillery,../datasets/raw/renders_2d/images/224.png,water,,224
delibird,../datasets/raw/renders_2d/images/225.png,ice,flying,225
mantine,../datasets/raw/renders_2d/images/226.png,water,flying,226
skarmory,../datasets/raw/renders_2d/images/227.png,steel,flying,227
houndour,../datasets/raw/renders_2d/images/228.png,dark,fire,228
houndoom,../datasets/raw/renders_2d/images/229.png,dark,fire,229
kingdra,../datasets/raw/renders_2d/images/230.png,water,dragon,230
phanpy,../datasets/raw/renders_2d/images/231.png,ground,,231
donphan,../datasets/raw/renders_2d/images/232.png,ground,,232
porygon2,../datasets/raw/renders_2d/images/233.png,normal,,233
stantler,../datasets/raw/renders_2d/images/234.png,normal,,234
smeargle,../datasets/raw/renders_2d/images/235.png,normal,,235
tyrogue,../datasets/raw/renders_2d/images/236.png,fighting,,236
hitmontop,../datasets/raw/renders_2d/images/237.png,fighting,,237
smoochum,../datasets/raw/renders_2d/images/238.png,ice,psychic,238
elekid,../datasets/raw/renders_2d/images/239.png,electric,,239
magby,../datasets/raw/renders_2d/images/240.png,fire,,240
miltank,../datasets/raw/renders_2d/images/241.png,normal,,241
blissey,../datasets/raw/renders_2d/images/242.png,normal,,242
raikou,../datasets/raw/renders_2d/images/243.png,electric,,243
entei,../datasets/raw/renders_2d/images/244.png,fire,,244
suicune,../datasets/raw/renders_2d/images/245.png,water,,245
larvitar,../datasets/raw/renders_2d/images/246.png,rock,ground,246
pupitar,../datasets/raw/renders_2d/images/247.png,rock,ground,247
tyranitar,../datasets/raw/renders_2d/images/248.png,rock,dark,248
lugia,../datasets/raw/renders_2d/images/249.png,psychic,flying,249
ho-oh,../datasets/raw/renders_2d/images/250.png,fire,flying,250
celebi,../datasets/raw/renders_2d/images/251.png,psychic,grass,251
treecko,../datasets/raw/renders_2d/images/252.png,grass,,252
grovyle,../datasets/raw/renders_2d/images/253.png,grass,,253
sceptile,../datasets/raw/renders_2d/images/254.png,grass,,254
torchic,../datasets/raw/renders_2d/images/255.png,fire,,255
combusken,../datasets/raw/renders_2d/images/256.png,fire,fighting,256
blaziken,../datasets/raw/renders_2d/images/257.png,fire,fighting,257
mudkip,../datasets/raw/renders_2d/images/258.png,water,,258
marshtomp,../datasets/raw/renders_2d/images/259.png,water,ground,259
swampert,../datasets/raw/renders_2d/images/260.png,water,ground,260
poochyena,../datasets/raw/renders_2d/images/261.png,dark,,261
mightyena,../datasets/raw/renders_2d/images/262.png,dark,,262
zigzagoon,../datasets/raw/renders_2d/images/263.png,normal,,263
linoone,../datasets/raw/renders_2d/images/264.png,normal,,264
wurmple,../datasets/raw/renders_2d/images/265.png,bug,,265
silcoon,../datasets/raw/renders_2d/images/266.png,bug,,266
beautifly,../datasets/raw/renders_2d/images/267.png,bug,flying,267
cascoon,../datasets/raw/renders_2d/images/268.png,bug,,268
dustox,../datasets/raw/renders_2d/images/269.png,bug,poison,269
lotad,../datasets/raw/renders_2d/images/270.png,water,grass,270
lombre,../datasets/raw/renders_2d/images/271.png,water,grass,271
ludicolo,../datasets/raw/renders_2d/images/272.png,water,grass,272
seedot,../datasets/raw/renders_2d/images/273.png,grass,,273
nuzleaf,../datasets/raw/renders_2d/images/274.png,grass,dark,274
shiftry,../datasets/raw/renders_2d/images/275.png,grass,dark,275
taillow,../datasets/raw/renders_2d/images/276.png,normal,flying,276
swellow,../datasets/raw/renders_2d/images/277.png,normal,flying,277
wingull,../datasets/raw/renders_2d/images/278.png,water,flying,278
pelipper,../datasets/raw/renders_2d/images/279.png,water,flying,279
ralts,../datasets/raw/renders_2d/images/280.png,psychic,fairy,280
kirlia,../datasets/raw/renders_2d/images/281.png,psychic,fairy,281
gardevoir,../datasets/raw/renders_2d/images/282.png,psychic,fairy,282
surskit,../datasets/raw/renders_2d/images/283.png,bug,water,283
masquerain,../datasets/raw/renders_2d/images/284.png,bug,flying,284
shroomish,../datasets/raw/renders_2d/images/285.png,grass,,285
breloom,../datasets/raw/renders_2d/images/286.png,grass,fighting,286
slakoth,../datasets/raw/renders_2d/images/287.png,normal,,287
vigoroth,../datasets/raw/renders_2d/images/288.png,normal,,288
slaking,../datasets/raw/renders_2d/images/289.png,normal,,289
nincada,../datasets/raw/renders_2d/images/290.png,bug,ground,290
ninjask,../datasets/raw/renders_2d/images/291.png,bug,flying,291
shedinja,../datasets/raw/renders_2d/images/292.png,bug,ghost,292
whismur,../datasets/raw/renders_2d/images/293.png,normal,,293
loudred,../datasets/raw/renders_2d/images/294.png,normal,,294
exploud,../datasets/raw/renders_2d/images/295.png,normal,,295
makuhita,../datasets/raw/renders_2d/images/296.png,fighting,,296
hariyama,../datasets/raw/renders_2d/images/297.png,fighting,,297
azurill,../datasets/raw/renders_2d/images/298.png,normal,fairy,298
nosepass,../datasets/raw/renders_2d/images/299.png,rock,,299
skitty,../datasets/raw/renders_2d/images/300.png,normal,,300
delcatty,../datasets/raw/renders_2d/images/301.png,normal,,301
sableye,../datasets/raw/renders_2d/images/302.png,dark,ghost,302
mawile,../datasets/raw/renders_2d/images/303.png,steel,fairy,303
aron,../datasets/raw/renders_2d/images/304.png,steel,rock,304
lairon,../datasets/raw/renders_2d/images/305.png,steel,rock,305
aggron,../datasets/raw/renders_2d/images/306.png,steel,rock,306
meditite,../datasets/raw/renders_2d/images/307.png,fighting,psychic,307
medicham,../datasets/raw/renders_2d/images/308.png,fighting,psychic,308
electrike,../datasets/raw/renders_2d/images/309.png,electric,,309
manectric,../datasets/raw/renders_2d/images/310.png,electric,,310
plusle,../datasets/raw/renders_2d/images/311.png,electric,,311
minun,../datasets/raw/renders_2d/images/312.png,electric,,312
volbeat,../datasets/raw/renders_2d/images/313.png,bug,,313
illumise,../datasets/raw/renders_2d/images/314.png,bug,,314
roselia,../datasets/raw/renders_2d/images/315.png,grass,poison,315
gulpin,../datasets/raw/renders_2d/images/316.png,poison,,316
swalot,../datasets/raw/renders_2d/images/317.png,poison,,317
carvanha,../datasets/raw/renders_2d/images/318.png,water,dark,318
sharpedo,../datasets/raw/renders_2d/images/319.png,water,dark,319
wailmer,../datasets/raw/renders_2d/images/320.png,water,,320
wailord,../datasets/raw/renders_2d/images/321.png,water,,321
numel,../datasets/raw/renders_2d/images/322.png,fire,ground,322
camerupt,../datasets/raw/renders_2d/images/323.png,fire,ground,323
torkoal,../datasets/raw/renders_2d/images/324.png,fire,,324
spoink,../datasets/raw/renders_2d/images/325.png,psychic,,325
grumpig,../datasets/raw/renders_2d/images/326.png,psychic,,326
spinda,../datasets/raw/renders_2d/images/327.png,normal,,327
trapinch,../datasets/raw/renders_2d/images/328.png,ground,,328
vibrava,../datasets/raw/renders_2d/images/329.png,ground,dragon,329
flygon,../datasets/raw/renders_2d/images/330.png,ground,dragon,330
cacnea,../datasets/raw/renders_2d/images/331.png,grass,,331
cacturne,../datasets/raw/renders_2d/images/332.png,grass,dark,332
swablu,../datasets/raw/renders_2d/images/333.png,normal,flying,333
altaria,../datasets/raw/renders_2d/images/334.png,dragon,flying,334
zangoose,../datasets/raw/renders_2d/images/335.png,normal,,335
seviper,../datasets/raw/renders_2d/images/336.png,poison,,336
lunatone,../datasets/raw/renders_2d/images/337.png,rock,psychic,337
solrock,../datasets/raw/renders_2d/images/338.png,rock,psychic,338
barboach,../datasets/raw/renders_2d/images/339.png,water,ground,339
whiscash,../datasets/raw/renders_2d/images/340.png,water,ground,340
corphish,../datasets/raw/renders_2d/images/341.png,water,,341
crawdaunt,../datasets/raw/renders_2d/images/342.png,water,dark,342
baltoy,../datasets/raw/renders_2d/images/343.png,ground,psychic,343
claydol,../datasets/raw/renders_2d/images/344.png,ground,psychic,344
lileep,../datasets/raw/renders_2d/images/345.png,rock,grass,345
cradily,../datasets/raw/renders_2d/images/346.png,rock,grass,346
anorith,../datasets/raw/renders_2d/images/347.png,rock,bug,347
armaldo,../datasets/raw/renders_2d/images/348.png,rock,bug,348
feebas,../datasets/raw/renders_2d/images/349.png,water,,349
milotic,../datasets/raw/renders_2d/images/350.png,water,,350
castform,../datasets/raw/renders_2d/images/351.png,normal,,351
kecleon,../datasets/raw/renders_2d/images/352.png,normal,,352
shuppet,../datasets/raw/renders_2d/images/353.png,ghost,,353
banette,../datasets/raw/renders_2d/images/354.png,ghost,,354
duskull,../datasets/raw/renders_2d/images/355.png,ghost,,355
dusclops,../datasets/raw/renders_2d/images/356.png,ghost,,356
tropius,../datasets/raw/renders_2d/images/357.png,grass,flying,357
chimecho,../datasets/raw/renders_2d/images/358.png,psychic,,358
absol,../datasets/raw/renders_2d/images/359.png,dark,,359
wynaut,../datasets/raw/renders_2d/images/360.png,psychic,,360
snorunt,../datasets/raw/renders_2d/images/361.png,ice,,361
glalie,../datasets/raw/renders_2d/images/362.png,ice,,362
spheal,../datasets/raw/renders_2d/images/363.png,ice,water,363
sealeo,../datasets/raw/renders_2d/images/364.png,ice,water,364
walrein,../datasets/raw/renders_2d/images/365.png,ice,water,365
clamperl,../datasets/raw/renders_2d/images/366.png,water,,366
huntail,../datasets/raw/renders_2d/images/367.png,water,,367
gorebyss,../datasets/raw/renders_2d/images/368.png,water,,368
relicanth,../datasets/raw/renders_2d/images/369.png,water,rock,369
luvdisc,../datasets/raw/renders_2d/images/370.png,water,,370
bagon,../datasets/raw/renders_2d/images/371.png,dragon,,371
shelgon,../datasets/raw/renders_2d/images/372.png,dragon,,372
salamence,../datasets/raw/renders_2d/images/373.png,dragon,flying,373
beldum,../datasets/raw/renders_2d/images/374.png,steel,psychic,374
metang,../datasets/raw/renders_2d/images/375.png,steel,psychic,375
metagross,../datasets/raw/renders_2d/images/376.png,steel,psychic,376
regirock,../datasets/raw/renders_2d/images/377.png,rock,,377
regice,../datasets/raw/renders_2d/images/378.png,ice,,378
registeel,../datasets/raw/renders_2d/images/379.png,steel,,379
latias,../datasets/raw/renders_2d/images/380.png,dragon,psychic,380
latios,../datasets/raw/renders_2d/images/381.png,dragon,psychic,381
kyogre,../datasets/raw/renders_2d/images/382.png,water,,382
groudon,../datasets/raw/renders_2d/images/383.png,ground,,383
rayquaza,../datasets/raw/renders_2d/images/384.png,dragon,flying,384
jirachi,../datasets/raw/renders_2d/images/385.png,steel,psychic,385
turtwig,../datasets/raw/renders_2d/images/387.png,grass,,387
grotle,../datasets/raw/renders_2d/images/388.png,grass,,388
torterra,../datasets/raw/renders_2d/images/389.png,grass,ground,389
chimchar,../datasets/raw/renders_2d/images/390.png,fire,,390
monferno,../datasets/raw/renders_2d/images/391.png,fire,fighting,391
infernape,../datasets/raw/renders_2d/images/392.png,fire,fighting,392
piplup,../datasets/raw/renders_2d/images/393.png,water,,393
prinplup,../datasets/raw/renders_2d/images/394.png,water,,394
empoleon,../datasets/raw/renders_2d/images/395.png,water,steel,395
starly,../datasets/raw/renders_2d/images/396.png,normal,flying,396
staravia,../datasets/raw/renders_2d/images/397.png,normal,flying,397
staraptor,../datasets/raw/renders_2d/images/398.png,normal,flying,398
bidoof,../datasets/raw/renders_2d/images/399.png,normal,,399
bibarel,../datasets/raw/renders_2d/images/400.png,normal,water,400
kricketot,../datasets/raw/renders_2d/images/401.png,bug,,401
kricketune,../datasets/raw/renders_2d/images/402.png,bug,,402
shinx,../datasets/raw/renders_2d/images/403.png,electric,,403
luxio,../datasets/raw/renders_2d/images/404.png,electric,,404
luxray,../datasets/raw/renders_2d/images/405.png,electric,,405
budew,../datasets/raw/renders_2d/images/406.png,grass,poison,406
roserade,../datasets/raw/renders_2d/images/407.png,grass,poison,407
cranidos,../datasets/raw/renders_2d/images/408.png,rock,,408
rampardos,../datasets/raw/renders_2d/images/409.png,rock,,409
shieldon,../datasets/raw/renders_2d/images/410.png,rock,steel,410
bastiodon,../datasets/raw/renders_2d/images/411.png,rock,steel,411
mothim,../datasets/raw/renders_2d/images/414.png,bug,flying,414
combee,../datasets/raw/renders_2d/images/415.png,bug,flying,415
vespiquen,../datasets/raw/renders_2d/images/416.png,bug,flying,416
pachirisu,../datasets/raw/renders_2d/images/417.png,electric,,417
buizel,../datasets/raw/renders_2d/images/418.png,water,,418
floatzel,../datasets/raw/renders_2d/images/419.png,water,,419
cherubi,../datasets/raw/renders_2d/images/420.png,grass,,420
ambipom,../datasets/raw/renders_2d/images/424.png,normal,,424
drifloon,../datasets/raw/renders_2d/images/425.png,ghost,flying,425
drifblim,../datasets/raw/renders_2d/images/426.png,ghost,flying,426
buneary,../datasets/raw/renders_2d/images/427.png,normal,,427
lopunny,../datasets/raw/renders_2d/images/428.png,normal,,428
mismagius,../datasets/raw/renders_2d/images/429.png,ghost,,429
honchkrow,../datasets/raw/renders_2d/images/430.png,dark,flying,430
glameow,../datasets/raw/renders_2d/images/431.png,normal,,431
purugly,../datasets/raw/renders_2d/images/432.png,normal,,432
chingling,../datasets/raw/renders_2d/images/433.png,psychic,,433
stunky,../datasets/raw/renders_2d/images/434.png,poison,dark,434
skuntank,../datasets/raw/renders_2d/images/435.png,poison,dark,435
bronzor,../datasets/raw/renders_2d/images/436.png,steel,psychic,436
bronzong,../datasets/raw/renders_2d/images/437.png,steel,psychic,437
bonsly,../datasets/raw/renders_2d/images/438.png,rock,,438
mime-jr,../datasets/raw/renders_2d/images/439.png,psychic,fairy,439
happiny,../datasets/raw/renders_2d/images/440.png,normal,,440
chatot,../datasets/raw/renders_2d/images/441.png,normal,flying,441
spiritomb,../datasets/raw/renders_2d/images/442.png,ghost,dark,442
gible,../datasets/raw/renders_2d/images/443.png,dragon,ground,443
gabite,../datasets/raw/renders_2d/images/444.png,dragon,ground,444
garchomp,../datasets/raw/renders_2d/images/445.png,dragon,ground,445
munchlax,../datasets/raw/renders_2d/images/446.png,normal,,446
riolu,../datasets/raw/renders_2d/images/447.png,fighting,,447
lucario,../datasets/raw/renders_2d/images/448.png,fighting,steel,448
hippopotas,../datasets/raw/renders_2d/images/449.png,ground,,449
hippowdon,../datasets/raw/renders_2d/images/450.png,ground,,450
skorupi,../datasets/raw/renders_2d/images/451.png,poison,bug,451
drapion,../datasets/raw/renders_2d/images/452.png,poison,dark,452
croagunk,../datasets/raw/renders_2d/images/453.png,poison,fighting,453
toxicroak,../datasets/raw/renders_2d/images/454.png,poison,fighting,454
carnivine,../datasets/raw/renders_2d/images/455.png,grass,,455
finneon,../datasets/raw/renders_2d/images/456.png,water,,456
lumineon,../datasets/raw/renders_2d/images/457.png,water,,457
mantyke,../datasets/raw/renders_2d/images/458.png,water,flying,458
snover,../datasets/raw/renders_2d/images/459.png,grass,ice,459
abomasnow,../datasets/raw/renders_2d/images/460.png,grass,ice,460
weavile,../datasets/raw/renders_2d/images/461.png,dark,ice,461
magnezone,../datasets/raw/renders_2d/images/462.png,electric,steel,462
lickilicky,../datasets/raw/renders_2d/images/463.png,normal,,463
rhyperior,../datasets/raw/renders_2d/images/464.png,ground,rock,464
tangrowth,../datasets/raw/renders_2d/images/465.png,grass,,465
electivire,../datasets/raw/renders_2d/images/466.png,electric,,466
magmortar,../datasets/raw/renders_2d/images/467.png,fire,,467
togekiss,../datasets/raw/renders_2d/images/468.png,fairy,flying,468
yanmega,../datasets/raw/renders_2d/images/469.png,bug,flying,469
leafeon,../datasets/raw/renders_2d/images/470.png,grass,,470
glaceon,../datasets/raw/renders_2d/images/471.png,ice,,471
gliscor,../datasets/raw/renders_2d/images/472.png,ground,flying,472
mamoswine,../datasets/raw/renders_2d/images/473.png,ice,ground,473
porygon-z,../datasets/raw/renders_2d/images/474.png,normal,,474
gallade,../datasets/raw/renders_2d/images/475.png,psychic,fighting,475
probopass,../datasets/raw/renders_2d/images/476.png,rock,steel,476
dusknoir,../datasets/raw/renders_2d/images/477.png,ghost,,477
froslass,../datasets/raw/renders_2d/images/478.png,ice,ghost,478
rotom,../datasets/raw/renders_2d/images/479.png,electric,ghost,479
uxie,../datasets/raw/renders_2d/images/480.png,psychic,,480
mesprit,../datasets/raw/renders_2d/images/481.png,psychic,,481
azelf,../datasets/raw/renders_2d/images/482.png,psychic,,482
dialga,../datasets/raw/renders_2d/images/483.png,steel,dragon,483
palkia,../datasets/raw/renders_2d/images/484.png,water,dragon,484
heatran,../datasets/raw/renders_2d/images/485.png,fire,steel,485
regigigas,../datasets/raw/renders_2d/images/486.png,normal,,486
cresselia,../datasets/raw/renders_2d/images/488.png,psychic,,488
phione,../datasets/raw/renders_2d/images/489.png,water,,489
manaphy,../datasets/raw/renders_2d/images/490.png,water,,490
darkrai,../datasets/raw/renders_2d/images/491.png,dark,,491
victini,../datasets/raw/renders_2d/images/494.png,psychic,fire,494
snivy,../datasets/raw/renders_2d/images/495.png,grass,,495
servine,../datasets/raw/renders_2d/images/496.png,grass,,496
serperior,../datasets/raw/renders_2d/images/497.png,grass,,497
tepig,../datasets/raw/renders_2d/images/498.png,fire,,498
pignite,../datasets/raw/renders_2d/images/499.png,fire,fighting,499
emboar,../datasets/raw/renders_2d/images/500.png,fire,fighting,500
oshawott,../datasets/raw/renders_2d/images/501.png,water,,501
dewott,../datasets/raw/renders_2d/images/502.png,water,,502
samurott,../datasets/raw/renders_2d/images/503.png,water,,503
patrat,../datasets/raw/renders_2d/images/504.png,normal,,504
watchog,../datasets/raw/renders_2d/images/505.png,normal,,505
lillipup,../datasets/raw/renders_2d/images/506.png,normal,,506
herdier,../datasets/raw/renders_2d/images/507.png,normal,,507
stoutland,../datasets/raw/renders_2d/images/508.png,normal,,508
purrloin,../datasets/raw/renders_2d/images/509.png,dark,,509
liepard,../datasets/raw/renders_2d/images/510.png,dark,,510
pansage,../datasets/raw/renders_2d/images/511.png,grass,,511
simisage,../datasets/raw/renders_2d/images/512.png,grass,,512
pansear,../datasets/raw/renders_2d/images/513.png,fire,,513
simisear,../datasets/raw/renders_2d/images/514.png,fire,,514
panpour,../datasets/raw/renders_2d/images/515.png,water,,515
simipour,../datasets/raw/renders_2d/images/516.png,water,,516
munna,../datasets/raw/renders_2d/images/517.png,psychic,,517
musharna,../datasets/raw/renders_2d/images/518.png,psychic,,518
pidove,../datasets/raw/renders_2d/images/519.png,normal,flying,519
tranquill,../datasets/raw/renders_2d/images/520.png,normal,flying,520
unfezant,../datasets/raw/renders_2d/images/521.png,normal,flying,521
blitzle,../datasets/raw/renders_2d/images/522.png,electric,,522
zebstrika,../datasets/raw/renders_2d/images/523.png,electric,,523
roggenrola,../datasets/raw/renders_2d/images/524.png,rock,,524
boldore,../datasets/raw/renders_2d/images/525.png,rock,,525
gigalith,../datasets/raw/renders_2d/images/526.png,rock,,526
woobat,../datasets/raw/renders_2d/images/527.png,psychic,flying,527
swoobat,../datasets/raw/renders_2d/images/528.png,psychic,flying,528
drilbur,../datasets/raw/renders_2d/images/529.png,ground,,529
excadrill,../datasets/raw/renders_2d/images/530.png,ground,steel,530
audino,../datasets/raw/renders_2d/images/531.png,normal,,531
timburr,../datasets/raw/renders_2d/images/532.png,fighting,,532
gurdurr,../datasets/raw/renders_2d/images/533.png,fighting,,533
conkeldurr,../datasets/raw/renders_2d/images/534.png,fighting,,534
tympole,../datasets/raw/renders_2d/images/535.png,water,,535
palpitoad,../datasets/raw/renders_2d/images/536.png,water,ground,536
seismitoad,../datasets/raw/renders_2d/images/537.png,water,ground,537
throh,../datasets/raw/renders_2d/images/538.png,fighting,,538
sawk,../datasets/raw/renders_2d/images/539.png,fighting,,539
sewaddle,../datasets/raw/renders_2d/images/540.png,bug,grass,540
swadloon,../datasets/raw/renders_2d/images/541.png,bug,grass,541
leavanny,../datasets/raw/renders_2d/images/542.png,bug,grass,542
venipede,../datasets/raw/renders_2d/images/543.png,bug,poison,543
whirlipede,../datasets/raw/renders_2d/images/544.png,bug,poison,544
scolipede,../datasets/raw/renders_2d/images/545.png,bug,poison,545
cottonee,../datasets/raw/renders_2d/images/546.png,grass,fairy,546
whimsicott,../datasets/raw/renders_2d/images/547.png,grass,fairy,547
petilil,../datasets/raw/renders_2d/images/548.png,grass,,548
lilligant,../datasets/raw/renders_2d/images/549.png,grass,,549
sandile,../datasets/raw/renders_2d/images/551.png,ground,dark,551
krokorok,../datasets/raw/renders_2d/images/552.png,ground,dark,552
krookodile,../datasets/raw/renders_2d/images/553.png,ground,dark,553
darumaka,../datasets/raw/renders_2d/images/554.png,fire,,554
maractus,../datasets/raw/renders_2d/images/556.png,grass,,556
dwebble,../datasets/raw/renders_2d/images/557.png,bug,rock,557
crustle,../datasets/raw/renders_2d/images/558.png,bug,rock,558
scraggy,../datasets/raw/renders_2d/images/559.png,dark,fighting,559
scrafty,../datasets/raw/renders_2d/images/560.png,dark,fighting,560
sigilyph,../datasets/raw/renders_2d/images/561.png,psychic,flying,561
yamask,../datasets/raw/renders_2d/images/562.png,ghost,,562
cofagrigus,../datasets/raw/renders_2d/images/563.png,ghost,,563
tirtouga,../datasets/raw/renders_2d/images/564.png,water,rock,564
carracosta,../datasets/raw/renders_2d/images/565.png,water,rock,565
archen,../datasets/raw/renders_2d/images/566.png,rock,flying,566
archeops,../datasets/raw/renders_2d/images/567.png,rock,flying,567
trubbish,../datasets/raw/renders_2d/images/568.png,poison,,568
garbodor,../datasets/raw/renders_2d/images/569.png,poison,,569
zorua,../datasets/raw/renders_2d/images/570.png,dark,,570
zoroark,../datasets/raw/renders_2d/images/571.png,dark,,571
minccino,../datasets/raw/renders_2d/images/572.png,normal,,572
cinccino,../datasets/raw/renders_2d/images/573.png,normal,,573
gothita,../datasets/raw/renders_2d/images/574.png,psychic,,574
gothorita,../datasets/raw/renders_2d/images/575.png,psychic,,575
gothitelle,../datasets/raw/renders_2d/images/576.png,psychic,,576
solosis,../datasets/raw/renders_2d/images/577.png,psychic,,577
duosion,../datasets/raw/renders_2d/images/578.png,psychic,,578
reuniclus,../datasets/raw/renders_2d/images/579.png,psychic,,579
ducklett,../datasets/raw/renders_2d/images/580.png,water,flying,580
swanna,../datasets/raw/renders_2d/images/581.png,water,flying,581
vanillite,../datasets/raw/renders_2d/images/582.png,ice,,582
vanillish,../datasets/raw/renders_2d/images/583.png,ice,,583
vanilluxe,../datasets/raw/renders_2d/images/584.png,ice,,584
emolga,../datasets/raw/renders_2d/images/587.png,electric,flying,587
karrablast,../datasets/raw/renders_2d/images/588.png,bug,,588
escavalier,../datasets/raw/renders_2d/images/589.png,bug,steel,589
foongus,../datasets/raw/renders_2d/images/590.png,grass,poison,590
amoonguss,../datasets/raw/renders_2d/images/591.png,grass,poison,591
frillish,../datasets/raw/renders_2d/images/592.png,water,ghost,592
jellicent,../datasets/raw/renders_2d/images/593.png,water,ghost,593
alomomola,../datasets/raw/renders_2d/images/594.png,water,,594
joltik,../datasets/raw/renders_2d/images/595.png,bug,electric,595
galvantula,../datasets/raw/renders_2d/images/596.png,bug,electric,596
ferroseed,../datasets/raw/renders_2d/images/597.png,grass,steel,597
ferrothorn,../datasets/raw/renders_2d/images/598.png,grass,steel,598
klink,../datasets/raw/renders_2d/images/599.png,steel,,599
klang,../datasets/raw/renders_2d/images/600.png,steel,,600
klinklang,../datasets/raw/renders_2d/images/601.png,steel,,601
tynamo,../datasets/raw/renders_2d/images/602.png,electric,,602
eelektrik,../datasets/raw/renders_2d/images/603.png,electric,,603
eelektross,../datasets/raw/renders_2d/images/604.png,electric,,604
elgyem,../datasets/raw/renders_2d/images/605.png,psychic,,605
beheeyem,../datasets/raw/renders_2d/images/606.png,psychic,,606
litwick,../datasets/raw/renders_2d/images/607.png,ghost,fire,607
lampent,../datasets/raw/renders_2d/images/608.png,ghost,fire,608
chandelure,../datasets/raw/renders_2d/images/609.png,ghost,fire,609
axew,../datasets/raw/renders_2d/images/610.png,dragon,,610
fraxure,../datasets/raw/renders_2d/images/611.png,dragon,,611
haxorus,../datasets/raw/renders_2d/images/612.png,dragon,,612
cubchoo,../datasets/raw/renders_2d/images/613.png,ice,,613
beartic,../datasets/raw/renders_2d/images/614.png,ice,,614
cryogonal,../datasets/raw/renders_2d/images/615.png,ice,,615
shelmet,../datasets/raw/renders_2d/images/616.png,bug,,616
accelgor,../datasets/raw/renders_2d/images/617.png,bug,,617
stunfisk,../datasets/raw/renders_2d/images/618.png,ground,electric,618
mienfoo,../datasets/raw/renders_2d/images/619.png,fighting,,619
mienshao,../datasets/raw/renders_2d/images/620.png,fighting,,620
druddigon,../datasets/raw/renders_2d/images/621.png,dragon,,621
golett,../datasets/raw/renders_2d/images/622.png,ground,ghost,622
golurk,../datasets/raw/renders_2d/images/623.png,ground,ghost,623
pawniard,../datasets/raw/renders_2d/images/624.png,dark,steel,624
bisharp,../datasets/raw/renders_2d/images/625.png,dark,steel,625
bouffalant,../datasets/raw/renders_2d/images/626.png,normal,,626
rufflet,../datasets/raw/renders_2d/images/627.png,normal,flying,627
braviary,../datasets/raw/renders_2d/images/628.png,normal,flying,628
vullaby,../datasets/raw/renders_2d/images/629.png,dark,flying,629
mandibuzz,../datasets/raw/renders_2d/images/630.png,dark,flying,630
heatmor,../datasets/raw/renders_2d/images/631.png,fire,,631
durant,../datasets/raw/renders_2d/images/632.png,bug,steel,632
deino,../datasets/raw/renders_2d/images/633.png,dark,dragon,633
zweilous,../datasets/raw/renders_2d/images/634.png,dark,dragon,634
hydreigon,../datasets/raw/renders_2d/images/635.png,dark,dragon,635
larvesta,../datasets/raw/renders_2d/images/636.png,bug,fire,636
volcarona,../datasets/raw/renders_2d/images/637.png,bug,fire,637
cobalion,../datasets/raw/renders_2d/images/638.png,steel,fighting,638
terrakion,../datasets/raw/renders_2d/images/639.png,rock,fighting,639
virizion,../datasets/raw/renders_2d/images/640.png,grass,fighting,640
reshiram,../datasets/raw/renders_2d/images/643.png,dragon,fire,643
zekrom,../datasets/raw/renders_2d/images/644.png,dragon,electric,644
kyurem,../datasets/raw/renders_2d/images/646.png,dragon,ice,646
meloetta-aria,../datasets/raw/renders_2d/images/648.png,normal,psychic,648
genesect,../datasets/raw/renders_2d/images/649.png,bug,steel,649
chespin,../datasets/raw/renders_2d/images/650.png,grass,,650
quilladin,../datasets/raw/renders_2d/images/651.png,grass,,651
chesnaught,../datasets/raw/renders_2d/images/652.png,grass,fighting,652
fennekin,../datasets/raw/renders_2d/images/653.png,fire,,653
braixen,../datasets/raw/renders_2d/images/654.png,fire,,654
delphox,../datasets/raw/renders_2d/images/655.png,fire,psychic,655
froakie,../datasets/raw/renders_2d/images/656.png,water,,656
frogadier,../datasets/raw/renders_2d/images/657.png,water,,657
greninja,../datasets/raw/renders_2d/images/658.png,water,dark,658
bunnelby,../datasets/raw/renders_2d/images/659.png,normal,,659
diggersby,../datasets/raw/renders_2d/images/660.png,normal,ground,660
fletchling,../datasets/raw/renders_2d/images/661.png,normal,flying,661
fletchinder,../datasets/raw/renders_2d/images/662.png,fire,flying,662
talonflame,../datasets/raw/renders_2d/images/663.png,fire,flying,663
scatterbug,../datasets/raw/renders_2d/images/664.png,bug,,664
spewpa,../datasets/raw/renders_2d/images/665.png,bug,,665
vivillon,../datasets/raw/renders_2d/images/666.png,bug,flying,666
litleo,../datasets/raw/renders_2d/images/667.png,fire,normal,667
pyroar,../datasets/raw/renders_2d/images/668.png,fire,normal,668
flabebe,../datasets/raw/renders_2d/images/669.png,fairy,,669
floette,../datasets/raw/renders_2d/images/670.png,fairy,,670
florges,../datasets/raw/renders_2d/images/671.png,fairy,,671
skiddo,../datasets/raw/renders_2d/images/672.png,grass,,672
gogoat,../datasets/raw/renders_2d/images/673.png,grass,,673
pancham,../datasets/raw/renders_2d/images/674.png,fighting,,674
pangoro,../datasets/raw/renders_2d/images/675.png,fighting,dark,675
furfrou,../datasets/raw/renders_2d/images/676.png,normal,,676
espurr,../datasets/raw/renders_2d/images/677.png,psychic,,677
meowstic-male,../datasets/raw/renders_2d/images/678.png,psychic,,678
honedge,../datasets/raw/renders_2d/images/679.png,steel,ghost,679
doublade,../datasets/raw/renders_2d/images/680.png,steel,ghost,680
aegislash-shield,../datasets/raw/renders_2d/images/681.png,steel,ghost,681
spritzee,../datasets/raw/renders_2d/images/682.png,fairy,,682
aromatisse,../datasets/raw/renders_2d/images/683.png,fairy,,683
swirlix,../datasets/raw/renders_2d/images/684.png,fairy,,684
slurpuff,../datasets/raw/renders_2d/images/685.png,fairy,,685
inkay,../datasets/raw/renders_2d/images/686.png,dark,psychic,686
malamar,../datasets/raw/renders_2d/images/687.png,dark,psychic,687
binacle,../datasets/raw/renders_2d/images/688.png,rock,water,688
barbaracle,../datasets/raw/renders_2d/images/689.png,rock,water,689
skrelp,../datasets/raw/renders_2d/images/690.png,poison,water,690
dragalge,../datasets/raw/renders_2d/images/691.png,poison,dragon,691
clauncher,../datasets/raw/renders_2d/images/692.png,water,,692
clawitzer,../datasets/raw/renders_2d/images/693.png,water,,693
helioptile,../datasets/raw/renders_2d/images/694.png,electric,normal,694
heliolisk,../datasets/raw/renders_2d/images/695.png,electric,normal,695
tyrunt,../datasets/raw/renders_2d/images/696.png,rock,dragon,696
tyrantrum,../datasets/raw/renders_2d/images/697.png,rock,dragon,697
amaura,../datasets/raw/renders_2d/images/698.png,rock,ice,698
aurorus,../datasets/raw/renders_2d/images/699.png,rock,ice,699
sylveon,../datasets/raw/renders_2d/images/700.png,fairy,,700
hawlucha,../datasets/raw/renders_2d/images/701.png,fighting,flying,701
dedenne,../datasets/raw/renders_2d/images/702.png,electric,fairy,702
carbink,../datasets/raw/renders_2d/images/703.png,rock,fairy,703
goomy,../datasets/raw/renders_2d/images/704.png,dragon,,704
sliggoo,../datasets/raw/renders_2d/images/705.png,dragon,,705
goodra,../datasets/raw/renders_2d/images/706.png,dragon,,706
klefki,../datasets/raw/renders_2d/images/707.png,steel,fairy,707
phantump,../datasets/raw/renders_2d/images/708.png,ghost,grass,708
trevenant,../datasets/raw/renders_2d/images/709.png,ghost,grass,709
pumpkaboo-average,../datasets/raw/renders_2d/images/710.png,ghost,grass,710
gourgeist-average,../datasets/raw/renders_2d/images/711.png,ghost,grass,711
bergmite,../datasets/raw/renders_2d/images/712.png,ice,,712
avalugg,../datasets/raw/renders_2d/images/713.png,ice,,713
noibat,../datasets/raw/renders_2d/images/714.png,flying,dragon,714
noivern,../datasets/raw/renders_2d/images/715.png,flying,dragon,715
xerneas,../datasets/raw/renders_2d/images/716.png,fairy,,716
yveltal,../datasets/raw/renders_2d/images/717.png,dark,flying,717
zygarde-50,../datasets/raw/renders_2d/images/718.png,dragon,ground,718
diancie,../datasets/raw/renders_2d/images/719.png,rock,fairy,719
hoopa,../datasets/raw/renders_2d/images/720.png,psychic,ghost,720
volcanion,../datasets/raw/renders_2d/images/721.png,fire,water,721
